2023-06-01,1,www.rusprofile.ru
2023-06-01,2,stat.ffspb.org
2023-06-01,3,spb.napopravku.ru
2023-06-01,4,nrcerm.ru
2023-06-01,5,globus.aquaviva.ru
2023-06-01,6,vk.com
2023-06-01,7,ru.linkedin.com
2023-06-01,8,prodoctorov.ru
2023-06-01,9,spb.docdoc.ru
2023-06-01,10,physics.itmo.ru
2023-06-01,11,istina.msu.ru
2023-06-01,12,www.youtube.com
2023-06-01,13,prodoctorov.ru
2023-06-01,14,www.instagram.com
2023-06-01,15,kochetkov.spb.ru
2023-06-01,16,iss.gov.spb.ru
2023-06-01,17,artteam-studio.ru
2023-06-02,1,www.rusprofile.ru
2023-06-02,2,stat.ffspb.org
2023-06-02,3,nrcerm.ru
2023-06-02,4,spb.napopravku.ru
2023-06-02,5,globus.aquaviva.ru
2023-06-02,6,vk.com
2023-06-02,7,istina.msu.ru
2023-06-02,8,ru.linkedin.com
2023-06-02,9,prodoctorov.ru
2023-06-02,10,physics.itmo.ru
2023-06-02,11,spb.docdoc.ru
2023-06-02,12,www.instagram.com
2023-06-02,13,www.youtube.com
2023-06-02,14,mhl.khl.ru
2023-06-02,15,artteam-studio.ru
2023-06-02,16,flgr-results.ru
2023-06-02,17,www.rusfencing.ru
2023-06-02,18,sportrbc.ru
2023-06-02,19,like.doctor
2023-06-02,20,ru.wikipedia.org
2023-06-02,21,hh.ru
2023-06-02,22,sbis.ru
2023-06-02,23,www.studentsport.ru
2023-06-02,24,solar.spbau.ru
2023-06-02,25,inndex.ru
2023-06-04,1,www.rusprofile.ru
2023-06-04,2,spb.napopravku.ru
2023-06-04,3,stat.ffspb.org
2023-06-04,4,nrcerm.ru
2023-06-04,5,globus.aquaviva.ru
2023-06-04,6,ru.linkedin.com
2023-06-04,7,vk.com
2023-06-04,8,spb.docdoc.ru
2023-06-04,9,physics.itmo.ru
2023-06-04,10,istina.msu.ru
2023-06-04,11,www.youtube.com
2023-06-04,12,prodoctorov.ru
2023-06-04,13,vk.com
2023-06-04,14,etu.ru
2023-06-04,15,pfo.fhr.ru
2023-06-04,16,artteam-studio.ru
2023-06-04,17,medal.spbarchives.ru
2023-06-04,18,spb.profi.ru
2023-06-04,19,st-petersburg.cataloxy.ru
2023-06-04,20,flgr-results.ru
2023-06-04,21,www.rusfencing.ru
2023-06-04,22,mhl.khl.ru
2023-06-04,23,sportrbc.ru
2023-06-04,24,bankrotbaza.ru
2023-06-04,25,ru.wikipedia.org
2023-06-04,26,hh.ru
2023-06-04,27,solar.spbau.ru
2023-06-05,1,www.rusprofile.ru
2023-06-05,2,nrcerm.ru
2023-06-05,3,globus.aquaviva.ru
2023-06-05,4,stat.ffspb.org
2023-06-05,5,spb.napopravku.ru
2023-06-05,6,vk.com
2023-06-05,7,istina.msu.ru
2023-06-05,8,ru.linkedin.com
2023-06-05,9,physics.itmo.ru
2023-06-05,10,spb.docdoc.ru
2023-06-05,11,prodoctorov.ru
2023-06-05,12,www.youtube.com
2023-06-05,13,artteam-studio.ru
2023-06-05,14,medal.spbarchives.ru
2023-06-05,15,iss.gov.spb.ru
2023-06-05,16,etu.ru
2023-06-05,17,doctu.ru
2023-06-05,18,sportrbc.ru
2023-06-05,19,bankrotbaza.ru
2023-06-05,20,ru.wikipedia.org
2023-06-05,21,hh.ru
2023-06-05,22,sbis.ru
2023-06-05,23,solar.spbau.ru
2023-06-05,24,beachsoccer.ru
2023-06-05,25,like.doctor
2023-06-05,26,www.studentsport.ru
2023-06-05,27,www.fasl.ru
2023-06-10,1,www.rusprofile.ru
2023-06-10,2,www.kommersant.ru
2023-06-10,3,spb.napopravku.ru
2023-06-10,4,stat.ffspb.org
2023-06-10,5,nrcerm.ru
2023-06-10,6,globus.aquaviva.ru
2023-06-10,7,ru.linkedin.com
2023-06-10,8,www.fontanka.ru
2023-06-10,9,vk.com
2023-06-10,10,doctu.ru
2023-06-10,11,spb.docdoc.ru
2023-06-10,12,istina.msu.ru
2023-06-10,13,www.youtube.com
2023-06-10,14,medal.spbarchives.ru
2023-06-10,15,iss.gov.spb.ru
2023-06-10,16,physics.itmo.ru
2023-06-10,17,artteam-studio.ru
2023-06-10,18,mhl.khl.ru
2023-06-10,19,st-petersburg.cataloxy.ru
2023-06-10,20,bankrotbaza.ru
2023-06-10,21,ura.news
2023-06-10,22,spb.profi.ru
2023-06-10,23,www.restorating.ru
2023-06-10,24,sportrbc.ru
2023-06-10,25,www.rusfencing.ru
2023-06-10,26,solar.spbau.ru
2023-06-10,27,like.doctor
2023-06-10,28,ru.wikipedia.org
